added,title,year,rating5,rating10,imdb_url
"2017-12-27","Carol","2015","1","","http://www.imdb.com/title/tt2402927/"
"2017-12-26","End of Watch","2012","3","","http://www.imdb.com/title/tt1855199/"
"2017-12-26","Marching to Zion","2015","3","","http://www.imdb.com/title/tt4532404/"
"2017-12-25","The Lord of the Rings: The Two Towers","2002","5","","http://www.imdb.com/title/tt0167261/"
"2017-12-23","The Lord of the Rings: The Fellowship of the Ring","2001","5","","http://www.imdb.com/title/tt0120737/"
"2017-12-16","September Clues","2007","3","","http://www.imdb.com/title/tt2149514/"
"2017-12-02","Born in China","2016","3","","http://www.imdb.com/title/tt4629266/"
"2017-11-24","Miracles from Heaven","2016","5","","http://www.imdb.com/title/tt4257926/"
"2017-11-22","Heaven Is for Real","2014","2","","http://www.imdb.com/title/tt1929263/"
"2017-11-21","The Ultimate Gift","2006","3","","http://www.imdb.com/title/tt0482629/"
"2017-11-17","Christian Mingle","2014","2","","http://www.imdb.com/title/tt3398066/"
"2017-11-16","The Case for Christ","2017","5","","http://www.imdb.com/title/tt6113488/"
"2017-11-11","Noah","2014","2","","http://www.imdb.com/title/tt1959490/"
"2017-11-09","Fireproof","2008","5","","http://www.imdb.com/title/tt1129423/"
"2017-11-08","Me Again","2012","3","","http://www.imdb.com/title/tt1814790/"
"2017-11-05","Brother White","2012","2","","http://www.imdb.com/title/tt2171809/"
"2017-11-05","Grace Unplugged","2013","3","","http://www.imdb.com/title/tt2349460/"
"2017-11-04","The Resurrection of Gavin Stone","2016","3","","http://www.imdb.com/title/tt4902904/"
"2017-11-04","Do You Believe?","2015","4","","http://www.imdb.com/title/tt4056738/"
"2017-11-04","Evolution's Achilles' Heels","2014","5","","http://www.imdb.com/title/tt2528814/"
"2017-11-03","God's Not Dead","2014","4","","http://www.imdb.com/title/tt2528814/"
"2017-10-15","The Beguiled","2017","2","","http://www.imdb.com/title/tt5592248/"
"2017-09-29","Skyfall","2012","2","","http://www.imdb.com/title/tt1074638/"
"2017-09-25","Quantum of Solace","2008","3","","http://www.imdb.com/title/tt0830515/"
"2017-09-24","Casino Royale","2006","4","","http://www.imdb.com/title/tt0381061/"
"2017-09-24","Wrath of the Titans","2012","1","","http://www.imdb.com/title/tt1646987/"
"2017-09-24","Icarus","2017","4","","http://www.imdb.com/title/tt6333060/"
"2017-09-20","Gone with the Wind","1939","4","","http://www.imdb.com/title/tt0031381/"
"2017-09-17","Shot Caller","2017","4","","http://www.imdb.com/title/tt4633690/"
"2017-09-17","Operation Dunkirk","2017","1","","http://www.imdb.com/title/tt6836772/"
"2017-09-16","Room","2015","4","","http://www.imdb.com/title/tt3170832/"
"2017-09-15","Baby Driver","2017","5","","http://www.imdb.com/title/tt3890160/"
"2017-09-10","Dear John","2010","2","","http://www.imdb.com/title/tt0989757/"
"2017-09-09","Me Before You","2016","4","","http://www.imdb.com/title/tt2674426/"
"2017-09-09","Alena","2016","2","","http://www.imdb.com/title/tt3792884/"
"2017-09-08","Morran & Tobias - Som en skänk från ovan","2016","3","","http://www.imdb.com/title/tt5869350/"
"2017-09-06","Bridesmaids","2011","1","","http://www.imdb.com/title/tt1478338/"
"2017-09-05","Passengers","2016","3","","http://www.imdb.com/title/tt1355644/"
"2017-09-05","Hacksaw Ridge","2016","5","","http://www.imdb.com/title/tt2119532/"
"2017-09-03","Train to Busan","2016","3","","http://www.imdb.com/title/tt5700672/"
"2017-09-02","Ragnarok","2013","2","","http://www.imdb.com/title/tt2363213/"
"2017-08-27","Into the White","2012","5","","http://www.imdb.com/title/tt1876277/"
"2017-08-27","The NeverEnding Story","1984","2","","http://www.imdb.com/title/tt0088323/"
"2017-08-20","Ocean's Twelve","2004","2","","http://www.imdb.com/title/tt0349903/"
"2017-08-19","Joy","2015","3","","http://www.imdb.com/title/tt2446980/"
"2017-08-16","The Big Short","2015","5","","http://www.imdb.com/title/tt1596363/"
"2017-08-13","The Girl on the Train","2016","1","","http://www.imdb.com/title/tt3631112/"
"2017-08-12","Before Sunrise","1995","4","","http://www.imdb.com/title/tt0112471/"
"2017-08-12","Rogue One","2016","5","","http://www.imdb.com/title/tt3748528/"
"2017-08-11","Swiss Army Man","2016","1","","http://www.imdb.com/title/tt4034354/"
"2017-08-10","Ocean's Eleven","2001","3","","http://www.imdb.com/title/tt0240772/"
"2017-08-08","The Princess Bride","1987","4","","http://www.imdb.com/title/tt0093779/"
"2017-08-08","Logan","2017","2","","http://www.imdb.com/title/tt3315342/"
"2017-08-04","Ghost in the Shell","2017","3","","http://www.imdb.com/title/tt1219827/"
"2017-07-04","The Good, the Bad and the Ugly","1966","5","","http://www.imdb.com/title/tt0060196/"
"2017-06-28","La La Land","2016","4","","http://www.imdb.com/title/tt3783958/"
"2017-06-24","Beauty and the Beast","2017","3","","http://www.imdb.com/title/tt2771200/"
"2017-06-21","Underworld","2003","3","","http://www.imdb.com/title/tt0320691/"
"2017-06-18","The Hateful Eight","2015","5","","http://www.imdb.com/title/tt3460252/"
"2017-06-03","Zero Dark Thirty","2012","3","","http://www.imdb.com/title/tt1790885/"
"2017-05-28","Kelly's Heroes","1970","4","","http://www.imdb.com/title/tt0065938/"
"2017-05-25","Casablanca","1942","4","","http://www.imdb.com/title/tt0034583/"
"2017-05-25","Good Will Hunting","1997","3","","http://www.imdb.com/title/tt0119217/"
"2017-05-24","'71","2014","4","","http://www.imdb.com/title/tt2614684/"
"2017-05-23","Good Kill","2014","3","","http://www.imdb.com/title/tt3297330/"
"2017-05-20","The Man from U.N.C.L.E.","2015","4","","http://www.imdb.com/title/tt1638355/"
"2017-05-19","The Forest","2016","2","","http://www.imdb.com/title/tt3387542/"
"2017-05-15","Adolf Hitler: The Greatest Story Never Told","2013","4","","http://www.imdb.com/title/tt3526810/"
"2017-05-13","David Cole Interviews Dr. Franciszek Piper","1992","4","","http://www.imdb.com/title/tt3248020/"
"2017-05-13","The Blair Witch Project","1999","3","","http://www.imdb.com/title/tt0185937/"
"2017-05-01","Vertigo","1958","3","","http://www.imdb.com/title/tt0052357/"
"2017-04-28","Big Eyes","2014","2","","http://www.imdb.com/title/tt1126590/"
"2017-04-23","The Tale of the Princess Kaguya","2013","3","","http://www.imdb.com/title/tt2576852/"
"2017-04-22","The Silence of the Lambs","1991","4","","http://www.imdb.com/title/tt0102926/"
"2017-04-14","Captain America: Civil War","2016","4","","http://www.imdb.com/title/tt3498820/"
"2017-04-11","Ant-Man","2015","4","","http://www.imdb.com/title/tt0478970/"
"2017-04-09","Avengers: Age of Ultron","2015","3","","http://www.imdb.com/title/tt2395427/"
"2017-03-25","Finding Dory","2016","2","","http://www.imdb.com/title/tt2277860/"
"2017-03-18","Guardians of the Galaxy","2014","2","","http://www.imdb.com/title/tt2015381/"
"2017-03-11","Chappie","2015","2","","http://www.imdb.com/title/tt1823672/"
"2017-03-11","Melancholia","2011","2","","http://www.imdb.com/title/tt1527186/"
"2017-03-09","Secret Window","2004","3","","http://www.imdb.com/title/tt0363988/"
"2017-03-04","Sunshine","2007","3","","http://www.imdb.com/title/tt0448134/"
"2017-02-12","Gone Baby Gone","2007","3","","http://www.imdb.com/title/tt0452623/"
"2017-02-06","Another Earth","2011","5","","http://www.imdb.com/title/tt1549572/"
"2017-01-29","Terminator Genisys","2015","1","","http://www.imdb.com/title/tt1340138/"
"2017-01-29","The Hunger Games: Mockingjay - Part 2","2015","3","","http://www.imdb.com/title/tt1951266/"
"2017-01-28","The Hunger Games: Mockingjay - Part 1","2014","4","","http://www.imdb.com/title/tt1951265/"
"2017-01-28","Kingsman: The Secret Service","2014","5","","http://www.imdb.com/title/tt2802144/"
"2017-01-28","Triangle","2009","3","","http://www.imdb.com/title/tt1187064/"
"2017-01-22","The Godfather: Part III","1990","3","","http://www.imdb.com/title/tt0099674/"
"2017-01-14","Zootopia","2016","4","","http://www.imdb.com/title/tt2948356/"
"2016-12-22","Suicide Squad","2016","2","","http://www.imdb.com/title/tt1386697/"
"2016-12-19","Warcraft: The Beginning","2016","3","","http://www.imdb.com/title/tt0803096/"
"2016-12-18","Jurassic World","2015","2","","http://www.imdb.com/title/tt0369610/"
"2016-11-26","Man on Wire","2008","3","","http://www.imdb.com/title/tt1155592/"
"2016-11-20","The Girl on the Train","2013","1","","http://www.imdb.com/title/tt2387589/"
"2016-11-19","Enough Said","2013","2","","http://www.imdb.com/title/tt2390361/"
"2016-11-19","The Nice Guys","2016","4","","http://www.imdb.com/title/tt3799694/"
"2016-11-19","Metropolis","1927","3","","http://www.imdb.com/title/tt0017136/"
"2016-11-18","Deadpool","2016","3","","http://www.imdb.com/title/tt1431045/"
"2016-11-12","The Neon Demon","2016","4","","http://www.imdb.com/title/tt1974419/"
"2016-11-05","Star Wars: The Force Awakens","2015","5","","http://www.imdb.com/title/tt2488496/"
"2016-10-29","The Godfather: Part II","1974","4","","http://www.imdb.com/title/tt0071562/"
"2016-10-28","The Godfather","1972","4","","http://www.imdb.com/title/tt0068646/"
"2016-09-26","The Den","2016","2","","http://www.imdb.com/title/tt2503154/"
"2016-09-25","Hush","2016","2","","http://www.imdb.com/title/tt5022702/"
"2016-09-10","Everest","2015","2","","http://www.imdb.com/title/tt2719848/"
"2016-09-10","Memories","1995","1","","http://www.imdb.com/title/tt0113799/"
"2016-09-05","Platoon","1986","3","","http://www.imdb.com/title/tt0091763/"
"2016-09-04","Gattaca","1997","4","","http://www.imdb.com/title/tt0119177/"
"2016-09-03","The Abyss","1989","4","7","http://www.imdb.com/title/tt0096754/"
"2016-09-03","Precious Cargo","2016","2","3","http://www.imdb.com/title/tt4651410/"
"2016-08-28","Daft Punk's Electroma","2006","1","2","http://www.imdb.com/title/tt0800022/"
"2016-08-27","Forrest Gump","1994","5","9","http://www.imdb.com/title/tt0109830/"
"2016-08-27","Transcendence","2014","1","3","http://www.imdb.com/title/tt2209764/"
"2016-08-25","Kon-Tiki","2012","4","8","http://www.imdb.com/title/tt1613750/"
"2016-08-22","S1m0ne","2002","3","6","http://www.imdb.com/title/tt0258153/"
"2016-08-21","Spring","2014","2","5","http://www.imdb.com/title/tt3395184/"
"2016-08-21","Stuck in Love","2012","1","3","http://www.imdb.com/title/tt2205697/"
"2016-08-21","What If","2013","3","6","http://www.imdb.com/title/tt1486834/"
"2016-08-20","Interstella 5555: The 5tory of the 5ecret 5tar 5ystem","2003","2","5","http://www.imdb.com/title/tt0368667/"
"2016-08-20","Stalker","1979","2","4","http://www.imdb.com/title/tt0079944/"
"2016-08-20","No Verbal Response","2003","1","3","http://www.imdb.com/title/tt0387448/"
"2016-08-15","How I Live Now","2013","2","5","http://www.imdb.com/title/tt1894476/"
"2016-08-14","Faults","2014","2","4","http://www.imdb.com/title/tt3021360/"
"2016-08-14","Survivor","2015","1","2","http://www.imdb.com/title/tt3247714/"
"2016-08-14","Devil","2010","1","3","http://www.imdb.com/title/tt1314655/"
"2016-08-14","The Signal","2014","2","4","http://www.imdb.com/title/tt2910814/"
"2016-08-13","The Experiment","2010","2","5","http://www.imdb.com/title/tt0997152/"
"2016-08-13","Beyond the Black Rainbow","2010","1","2","http://www.imdb.com/title/tt1534085/"
"2016-08-13","Hercules","1997","4","7","http://www.imdb.com/title/tt0119282/"
"2016-08-12","The Machine","2013","2","5","http://www.imdb.com/title/tt2317225/"
"2016-08-11","Contraband","2012","3","6","http://www.imdb.com/title/tt1524137/"
"2016-08-11","The Danish Girl","2015","1","3","http://www.imdb.com/title/tt0810819/"
"2016-07-28","Taken 2","2012","2","5","http://www.imdb.com/title/tt1397280/"
"2016-07-25","Clinton Cash","2016","4","9","http://www.imdb.com/title/tt5673884/"
"2016-07-17","Jodorowsky's Dune","2013","2","5","http://www.imdb.com/title/tt1935156/"
"2016-07-16","La Jetée","1962","1","4","http://www.imdb.com/title/tt0056119/"
"2016-07-16","Hercules","2014","4","7","http://www.imdb.com/title/tt1267297/"
"2016-07-16","Short Term 12","2013","4","9","http://www.imdb.com/title/tt2370248/"
"2016-07-15","Whisper of the Heart","1995","4","8","http://www.imdb.com/title/tt0113824/"
"2016-07-15","Adore","2013","1","1","http://www.imdb.com/title/tt2103267/"
"2016-07-14","There Will Be Blood","2007","4","8","http://www.imdb.com/title/tt0469494/"
"2016-07-12","Session 9","2001","2","3","http://www.imdb.com/title/tt0261983/"
"2016-07-10","Ted","2012","2","3","http://www.imdb.com/title/tt1637725/"
"2016-07-10","Man on Fire","2004","2","4","http://www.imdb.com/title/tt0328107/"
"2016-07-09","Colombiana","2011","2","5","http://www.imdb.com/title/tt1657507/"
"2016-07-08","Mulholland Dr.","2001","1","2","http://www.imdb.com/title/tt0166924/"
"2016-07-08","Child 44","2015","4","8","http://www.imdb.com/title/tt1014763/"
"2016-07-05","Brazil","1985","2","3","http://www.imdb.com/title/tt0088846/"
"2016-07-01","The Man from Earth","2007","3","6","http://www.imdb.com/title/tt0756683/"
"2016-06-28","Mediastan","2013","2","5","http://www.imdb.com/title/tt3169780/"
"2016-06-28","Cloverfield","2008","3","6","http://www.imdb.com/title/tt1060277/"
"2016-06-28","The Host","2006","1","3","http://www.imdb.com/title/tt0468492/"
"2016-06-27","Metropolis","2001","2","3","http://www.imdb.com/title/tt0293416/"
"2016-06-26","Enter the Void","2009","1","3","http://www.imdb.com/title/tt1191111/"
"2016-06-24","Brooklyn","2015","5","10","http://www.imdb.com/title/tt2381111/"
"2016-06-22","Captain America: The Winter Soldier","2014","3","7","http://www.imdb.com/title/tt1843866/"
"2016-06-19","Thor: The Dark World","2013","3","6","http://www.imdb.com/title/tt1981115/"
"2016-05-26","Iron Man 3","2013","3","7","http://www.imdb.com/title/tt1300854/"
"2016-05-22","The Avengers","2012","4","9","http://www.imdb.com/title/tt0848228/"
"2016-05-22","Elizabeth: The Golden Age","2007","1","3","http://www.imdb.com/title/tt0414055/"
"2016-05-21","Captain America: The First Avenger","2011","4","8","http://www.imdb.com/title/tt0458339/"
"2016-05-19","Super","2010","2","4","http://www.imdb.com/title/tt1512235/"
"2016-05-17","Thor","2011","4","8","http://www.imdb.com/title/tt0800369/"
"2016-05-15","Iron Man 2","2010","3","6","http://www.imdb.com/title/tt1228705/"
"2016-05-13","Iron Man","2008","4","9","http://www.imdb.com/title/tt0371746/"
"2016-05-13","The Incredible Hulk","2008","4","7","http://www.imdb.com/title/tt0800080/"
"2016-05-09","The Conjuring","2013","3","5","http://www.imdb.com/title/tt1457767/"
"2016-04-29","Ginger & Rosa","2012","2","4","http://www.imdb.com/title/tt2115295/"
"2016-04-21","Killers","2014","2","3","http://www.imdb.com/title/tt2409300/"
"2016-04-18","Donnie Darko","2001","4","8","http://www.imdb.com/title/tt0246578/"
"2016-04-05","Crimson Peak","2015","3","5","http://www.imdb.com/title/tt2554274/"
"2016-04-03","Juno","2007","2","4","http://www.imdb.com/title/tt0467406/"
"2016-04-03","The Devil's Advocate","1997","3","5","http://www.imdb.com/title/tt0118971/"
"2016-04-02","Gangs of New York","2002","3","5","http://www.imdb.com/title/tt0217505/"
"2016-03-10","Under the Skin","2013","2","4","http://www.imdb.com/title/tt1441395/"
"2016-02-25","Saving Private Ryan","1998","4","9","http://www.imdb.com/title/tt0120815/"
"2016-02-23","The Visitant","2014","3","7","http://www.imdb.com/title/tt3246980/"
"2016-02-23","Ex Machina","2015","4","9","http://www.imdb.com/title/tt0470752/"
"2016-02-20","The Raid 2","2014","2","6","http://www.imdb.com/title/tt2265171/"
"2016-02-15","The Revenant","2015","4","8","http://www.imdb.com/title/tt1663202/"
"2016-02-12","The Dudesons","2006","3","7","http://www.imdb.com/title/tt1409056/"
"2016-02-11","Sin City","2005","2","4","http://www.imdb.com/title/tt0401792/"
"2016-02-02","The Descent","2005","2","5","http://www.imdb.com/title/tt0435625/"
"2016-01-31","Automata","2014","2","4","http://www.imdb.com/title/tt1971325/"
"2016-01-29","Sicario","2015","4","8","http://www.imdb.com/title/tt3397884/"
"2016-01-28","Only God Forgives","2013","3","6","http://www.imdb.com/title/tt1602613/"
"2016-01-23","The Curious Case of Benjamin Button","2008","3","7","http://www.imdb.com/title/tt0421715/"
"2016-01-21","Band of Brothers","2001","4","9","http://www.imdb.com/title/tt0185906/"
"2016-01-16","The Martian","2015","4","9","http://www.imdb.com/title/tt3659388/"
"2015-12-13","Kill Bill: Vol. 2","2004","5","8","http://www.imdb.com/title/tt0378194/"
"2015-12-11","Kill Bill: Vol. 1","2003","5","8","http://www.imdb.com/title/tt0266697/"
"2015-12-08","Jessica Jones","2015","4","8","http://www.imdb.com/title/tt2357547/"
"2015-12-07","Black Hawk Down","2001","2","4","http://www.imdb.com/title/tt0265086/"
"2015-11-28","The Devil Wears Prada","2006","3","6","http://www.imdb.com/title/tt0458352/"
"2015-11-27","2001: A Space Odyssey","1968","2","4","http://www.imdb.com/title/tt0062622/"
"2015-11-26","The American Scream","2012","3","9","http://www.imdb.com/title/tt2075373/"
"2015-11-24","Brave New World","1998","1","2","http://www.imdb.com/title/tt0145600/"
"2015-11-24","Synecdoche, New York","2008","1","1","http://www.imdb.com/title/tt0383028/"
"2015-11-23","Zoolander","2001","2","4","http://www.imdb.com/title/tt0196229/"
"2015-11-22","The Zero Theorem","2013","2","3","http://www.imdb.com/title/tt2333804/"
"2015-11-21","Fantastic Mr. Fox","2009","3","7","http://www.imdb.com/title/tt0432283/"
"2015-11-19","Elizabeth","1998","3","6","http://www.imdb.com/title/tt0127536/"
"2015-11-14","The Shawshank Redemption","1994","4","9","http://www.imdb.com/title/tt0111161/"
"2015-11-07","eXistenZ","1999","4","7","http://www.imdb.com/title/tt0120907/"
"2015-11-05","The Guest","2014","4","7","http://www.imdb.com/title/tt2980592/"
"2015-11-03","The Host","2013","1","3","http://www.imdb.com/title/tt1517260/"
"2015-11-01","Stonehearst Asylum","2014","3","6","http://www.imdb.com/title/tt1772264/"
"2015-10-24","Inside Out","2015","5","10","http://www.imdb.com/title/tt2096673/"
"2015-10-09","The Place Beyond the Pines","2012","3","6","http://www.imdb.com/title/tt1817273/"
"2015-09-25","Horns","2013","3","5","http://www.imdb.com/title/tt1528071/"
"2015-09-23","Honeymoon","2014","2","5","http://www.imdb.com/title/tt3177316/"
"2015-09-22","Willow Creek","2013","3","6","http://www.imdb.com/title/tt2885364/"
"2015-09-18","Solo","2013","3","5","http://www.imdb.com/title/tt2374196/"
"2015-09-09","Terminator Salvation","2009","3","7","http://www.imdb.com/title/tt0438488/"
"2015-09-08","Robot & Frank","2012","3","7","http://www.imdb.com/title/tt1990314/"
"2015-09-04","The Departed","2006","4","9","http://www.imdb.com/title/tt0407887/"
"2015-09-02","Jessabelle","2014","4","8","http://www.imdb.com/title/tt2300975/"
"2015-09-02","Defending Your Life","1991","3","7","http://www.imdb.com/title/tt0101698/"
"2015-09-02","The Woman in Black","2012","4","8","http://www.imdb.com/title/tt1596365/"
"2015-08-30","Harry Potter and the Deathly Hallows: Part 2","2011","2","5","http://www.imdb.com/title/tt1201607/"
"2015-08-30","Contact","1997","2","5","http://www.imdb.com/title/tt0118884/"
"2015-08-27","The Nostalgia Critic","2007","2","1","http://www.imdb.com/title/tt1635327/"
"2015-08-26","Computer Chess","2013","1","3","http://www.imdb.com/title/tt2007360/"
"2015-08-25","Les Misérables","2012","3","6","http://www.imdb.com/title/tt1707386/"
"2015-08-21","Big Bad Wolves","2013","2","3","http://www.imdb.com/title/tt2309224/"
"2015-08-20","Terminator 3: Rise of the Machines","2003","3","7","http://www.imdb.com/title/tt0181852/"
"2015-08-18","Terminator 2: Judgment Day","1991","4","9","http://www.imdb.com/title/tt0103064/"
"2015-08-16","Road Kill","2010","2","3","http://www.imdb.com/title/tt1241330/"
"2015-08-16","The Terminator","1984","4","8","http://www.imdb.com/title/tt0088247/"
"2015-08-16","The Punisher","2004","1","2","http://www.imdb.com/title/tt0330793/"
"2015-08-13","Fish Tank","2009","1","3","http://www.imdb.com/title/tt1232776/"
"2015-08-13","Harry Potter and the Deathly Hallows: Part 1","2010","2","4","http://www.imdb.com/title/tt0926084/"
"2015-08-09","Harry Potter and the Half-Blood Prince","2009","3","6","http://www.imdb.com/title/tt0417741/"
"2015-08-08","Blue Is the Warmest Color","2013","1","2","http://www.imdb.com/title/tt2278871/"
"2015-08-04","After the Dark","2013","4","9","http://www.imdb.com/title/tt1928340/"
"2015-08-02","Mad Max: Fury Road","2015","4","9","http://www.imdb.com/title/tt1392190/"
"2015-08-01","Harry Potter and the Goblet of Fire","2005","3","5","http://www.imdb.com/title/tt0330373/"
"2015-08-01","Harry Potter and the Prisoner of Azkaban","2004","3","6","http://www.imdb.com/title/tt0304141/"
"2015-07-28","Harry Potter and the Sorcerer's Stone","2001","3","6","http://www.imdb.com/title/tt0241527/"
"2015-07-28","Harry Potter and the Chamber of Secrets","2002","3","6","http://www.imdb.com/title/tt0295297/"
"2015-07-25","Home","2015","2","5","http://www.imdb.com/title/tt2224026/"
"2015-07-24","Interstellar","2014","5","9","http://www.imdb.com/title/tt0816692/"
"2015-07-24","Paddington","2014","3","6","http://www.imdb.com/title/tt1109624/"
"2015-07-23","Nymphomaniac: Vol. I","2013","1","1","http://www.imdb.com/title/tt1937390/"
"2015-07-19","The Fifth Element","1997","2","4","http://www.imdb.com/title/tt0119116/"
"2015-07-15","No Strings Attached","2011","1","3","http://www.imdb.com/title/tt1411238/"
"2015-07-08","Birdman or (The Unexpected Virtue of Ignorance)","2014","2","5","http://www.imdb.com/title/tt2562232/"
"2015-07-05","Whiplash","2014","5","9","http://www.imdb.com/title/tt2582802/"
"2015-07-04","Breathing Room","2008","2","3","http://www.imdb.com/title/tt1220706/"
"2015-07-02","The Thing","1982","4","8","http://www.imdb.com/title/tt0084787/"
"2015-06-30","It Follows","2014","4","8","http://www.imdb.com/title/tt3235888/"
"2015-06-24","Friends with Benefits","2011","1","3","http://www.imdb.com/title/tt1632708/"
"2015-06-22","Crazy, Stupid, Love.","2011","3","6","http://www.imdb.com/title/tt1570728/"
"2015-06-21","Ghost Dog: The Way of the Samurai","1999","1","2","http://www.imdb.com/title/tt0165798/"
"2015-06-21","American History X","1998","3","7","http://www.imdb.com/title/tt0120586/"
"2015-06-19","Funny Games","1997","1","2","http://www.imdb.com/title/tt0119167/"
"2015-06-19","The Bourne Ultimatum","2007","3","5","http://www.imdb.com/title/tt0440963/"
"2015-06-19","Exam","2009","4","8","http://www.imdb.com/title/tt1258197/"
"2015-06-14","Police Academy","1984","1","3","http://www.imdb.com/title/tt0087928/"
"2015-06-13","World War Z","2013","3","6","http://www.imdb.com/title/tt0816711/"
"2015-06-13","Only Lovers Left Alive","2013","1","2","http://www.imdb.com/title/tt1714915/"
"2015-06-11","Margin Call","2011","2","5","http://www.imdb.com/title/tt1615147/"
"2015-06-10","Drive","2011","5","9","http://www.imdb.com/title/tt0780504/"
"2015-06-09","Shutter Island","2010","4","9","http://www.imdb.com/title/tt1130884/"
"2015-06-06","Office Space","1999","3","7","http://www.imdb.com/title/tt0151804/"
"2015-05-29","The Great Gatsby","2013","3","6","http://www.imdb.com/title/tt1343092/"
"2015-05-29","Kung Fury","2015","3","9","http://www.imdb.com/title/tt3472226/"
"2015-05-21","Enemy of the State","1998","3","7","http://www.imdb.com/title/tt0120660/"
"2015-05-17","The Italian Job","2003","3","7","http://www.imdb.com/title/tt0317740/"
"2015-05-14","Blood and Bone","2009","2","4","http://www.imdb.com/title/tt0346631/"
"2015-05-14","The Rock","1996","2","4","http://www.imdb.com/title/tt0117500/"
"2015-05-09","Breaking Bad","2008","4","9","http://www.imdb.com/title/tt0903747/"
"2015-05-09","Better Call Saul","2015","4","9","http://www.imdb.com/title/tt3032476/"
"2015-05-05","The Girl with the Dragon Tattoo","2011","3","5","http://www.imdb.com/title/tt1568346/"
"2015-05-04","The Fifth Estate","2013","3","8","http://www.imdb.com/title/tt1837703/"
"2015-05-03","Europa Report","2013","4","7","http://www.imdb.com/title/tt2051879/"
"2015-05-02","Die Hard with a Vengeance","1995","3","6","http://www.imdb.com/title/tt0112864/"
"2015-04-30","Cymbeline","2014","1","2","http://www.imdb.com/title/tt3093522/"
"2015-04-27","The Hobbit: The Battle of the Five Armies","2014","3","7","http://www.imdb.com/title/tt2310332/"
"2015-04-20","La Femme Nikita","1990","2","4","http://www.imdb.com/title/tt0100263/"
"2015-04-19","RED","2010","2","4","http://www.imdb.com/title/tt1245526/"
"2015-04-17","Noriko's Dinner Table","2005","1","3","http://www.imdb.com/title/tt0468820/"
"2015-04-15","The Adjustment Bureau","2011","4","8","http://www.imdb.com/title/tt1385826/"
"2015-04-14","Shooter","2007","3","5","http://www.imdb.com/title/tt0822854/"
"2015-04-14","Lost in Translation","2003","3","7","http://www.imdb.com/title/tt0335266/"
"2015-04-13","Vegas Vacation","1997","1","3","http://www.imdb.com/title/tt0120434/"
"2015-04-12","3 Idiots","2009","3","7","http://www.imdb.com/title/tt1187043/"
"2015-04-04","American Sniper","2014","1","1","http://www.imdb.com/title/tt2179136/"
"2015-04-02","Jack Reacher","2012","2","5","http://www.imdb.com/title/tt0790724/"
"2015-04-01","The Divide","2011","2","3","http://www.imdb.com/title/tt1535616/"
"2015-04-01","The Jinx: The Life and Deaths of Robert Durst","2015","1","3","http://www.imdb.com/title/tt4299972/"
"2015-03-29","The Reunion","2013","5","10","http://www.imdb.com/title/tt2402091/"
"2015-03-29","A Dangerous Method","2011","2","4","http://www.imdb.com/title/tt1571222/"
"2015-03-23","Inglourious Basterds","2009","3","7","http://www.imdb.com/title/tt0361748/"
"2015-03-22","The Imitation Game","2014","3","6","http://www.imdb.com/title/tt2084970/"
"2015-03-22","Big Hero 6","2014","4","7","http://www.imdb.com/title/tt2245084/"
"2015-03-20","The Illusionist","2006","3","7","http://www.imdb.com/title/tt0443543/"
"2015-03-08","Dawn of the Planet of the Apes","2014","4","8","http://www.imdb.com/title/tt2103281/"
"2015-03-08","The Life Aquatic with Steve Zissou","2004","3","7","http://www.imdb.com/title/tt0362270/"
"2015-03-06","John Wick","2014","4","8","http://www.imdb.com/title/tt2911666/"
"2015-02-28","Nightcrawler","2014","5","9","http://www.imdb.com/title/tt2872718/"
"2015-02-24","Atlas Shrugged: Who Is John Galt?","2014","3","7","http://www.imdb.com/title/tt2800038/"
"2015-02-23","Fury","2014","5","9","http://www.imdb.com/title/tt2713180/"
"2015-02-22","Force Majeure","2014","3","7","http://www.imdb.com/title/tt2121382/"
"2015-02-18","Once","2007","3","6","http://www.imdb.com/title/tt0907657/"
"2015-02-13","This Is the End","2013","1","1","http://www.imdb.com/title/tt1245492/"
"2015-02-08","Morran och Tobias","2014","4","8","http://www.imdb.com/title/tt4182272/"
"2015-02-08","The A-Team","2010","1","3","http://www.imdb.com/title/tt0429493/"
"2015-02-06","300","2006","4","7","http://www.imdb.com/title/tt0416449/"
"2015-02-06","300: Rise of an Empire","2014","2","3","http://www.imdb.com/title/tt1253863/"
"2015-02-05","American Hustle","2013","3","5","http://www.imdb.com/title/tt1800241/"
"2015-02-05","The Spectacular Now","2013","2","4","http://www.imdb.com/title/tt1714206/"
"2015-02-04","Begin Again","2013","4","8","http://www.imdb.com/title/tt1980929/"
"2015-02-03","If I Stay","2014","2","4","http://www.imdb.com/title/tt1355630/"
"2015-02-02","Citizenfour","2014","3","10","http://www.imdb.com/title/tt4044364/"
"2015-01-31","Chef","2014","5","9","http://www.imdb.com/title/tt2883512/"
"2015-01-25","Pulp Fiction","1994","2","4","http://www.imdb.com/title/tt0110912/"
"2015-01-14","Dumb and Dumber To","2014","3","6","http://www.imdb.com/title/tt2096672/"
"2015-01-14","The Raid: Redemption","2011","4","7","http://www.imdb.com/title/tt1899353/"
"2015-01-13","Fermat's Room","2007","3","6","http://www.imdb.com/title/tt1016301/"
"2015-01-11","Lock, Stock and Two Smoking Barrels","1998","2","4","http://www.imdb.com/title/tt0120735/"
"2015-01-10","Predestination","2014","5","9","http://www.imdb.com/title/tt2397535/"
"2015-01-06","Nausicaä of the Valley of the Wind","1984","4","8","http://www.imdb.com/title/tt0087544/"
"2015-01-05","Black Mirror","2011","5","10","http://www.imdb.com/title/tt2085059/"
"2015-01-02","Gone Girl","2014","5","9","http://www.imdb.com/title/tt2267998/"
"2015-01-02","Frank","2014","4","8","http://www.imdb.com/title/tt1605717/"
"2014-12-31","Drömkåken","1993","2","3","http://www.imdb.com/title/tt0106779/"
"2014-12-27","Dallas Buyers Club","2013","4","9","http://www.imdb.com/title/tt0790636/"
"2014-12-24","Notting Hill","1999","3","5","http://www.imdb.com/title/tt0125439/"
"2014-12-22","The Messenger: The Story of Joan of Arc","1999","2","3","http://www.imdb.com/title/tt0151137/"
"2014-12-22","The Affair","2014","4","8","http://www.imdb.com/title/tt2699110/"
"2014-12-22","Moon","2009","3","6","http://www.imdb.com/title/tt1182345/"
"2014-12-22","Children of Men","2006","4","9","http://www.imdb.com/title/tt0206634/"
"2014-12-22","Elysium","2013","2","4","http://www.imdb.com/title/tt1535108/"
"2014-12-22","Tears of the Sun","2003","2","4","http://www.imdb.com/title/tt0314353/"
"2014-12-18","Modern Family","2009","2","4","http://www.imdb.com/title/tt1442437/"
"2014-12-15","RocknRolla","2008","2","5","http://www.imdb.com/title/tt1032755/"
"2014-12-09","Collateral","2004","4","8","http://www.imdb.com/title/tt0369339/"
"2014-12-07","Man on a Ledge","2012","3","6","http://www.imdb.com/title/tt1568338/"
"2014-12-07","The Nightmare Before Christmas","1993","2","5","http://www.imdb.com/title/tt0107688/"
"2014-12-04","The Grudge","2004","1","3","http://www.imdb.com/title/tt0391198/"
"2014-11-29","Star Trek Into Darkness","2013","4","8","http://www.imdb.com/title/tt1408101/"
"2014-11-27","Star Trek","2009","4","8","http://www.imdb.com/title/tt0796366/"
"2014-11-23","Wreck-It Ralph","2012","4","7","http://www.imdb.com/title/tt1772341/"
"2014-11-22","Dredd","2012","5","8","http://www.imdb.com/title/tt1343727/"
"2014-11-21","The Hobbit: An Unexpected Journey","2012","3","7","http://www.imdb.com/title/tt0903624/"
"2014-11-21","Frozen","2013","4","7","http://www.imdb.com/title/tt2294629/"
"2014-11-20","Dumb & Dumber","1994","2","4","http://www.imdb.com/title/tt0109686/"
"2014-11-17","The Hunger Games: Catching Fire","2013","4","9","http://www.imdb.com/title/tt1951264/"
"2014-11-15","Alien","1979","3","6","http://www.imdb.com/title/tt0078748/"
"2014-11-11","RV","2006","3","6","http://www.imdb.com/title/tt0449089/"
"2014-11-08","V for Vendetta","2005","3","5","http://www.imdb.com/title/tt0434409/"
"2014-11-07","The Ring","2002","4","7","http://www.imdb.com/title/tt0298130/"
"2014-11-02","House of 9","2005","2","4","http://www.imdb.com/title/tt0395585/"
"2014-11-02","The Killing Room","2009","2","4","http://www.imdb.com/title/tt1119191/"
"2014-10-31","The Cabin in the Woods","2012","3","7","http://www.imdb.com/title/tt1259521/"
"2014-10-31","Pan's Labyrinth","2006","3","7","http://www.imdb.com/title/tt0457430/"
"2014-10-25","How to Train Your Dragon 2","2014","3","5","http://www.imdb.com/title/tt1646971/"
"2014-10-24","The Pentagon Wars","1998","4","8","http://www.imdb.com/title/tt0144550/"
"2014-10-17","Paranormal Activity 3","2011","3","5","http://www.imdb.com/title/tt1778304/"
"2014-10-16","Paranormal Activity 2","2010","3","5","http://www.imdb.com/title/tt1536044/"
"2014-10-16","Paranormal Activity","2007","4","6","http://www.imdb.com/title/tt1179904/"
"2014-10-11","Before Midnight","2013","4","8","http://www.imdb.com/title/tt2209418/"
"2014-10-10","Easy A","2010","3","5","http://www.imdb.com/title/tt1282140/"
"2014-10-06","Edge of Tomorrow","2014","5","9","http://www.imdb.com/title/tt1631867/"
"2014-09-21","Battle Royale II","2003","1","3","http://www.imdb.com/title/tt0338763/"
"2014-09-19","Source Code","2011","4","8","http://www.imdb.com/title/tt0945513/"
"2014-09-16","Safe House","2012","4","8","http://www.imdb.com/title/tt1599348/"
"2014-09-12","Easy Money","2010","5","9","http://www.imdb.com/title/tt1291652/"
"2014-09-08","Se7en","1995","3","6","http://www.imdb.com/title/tt0114369/"
"2014-09-07","The One I Love","2014","3","8","http://www.imdb.com/title/tt2756032/"
"2014-09-06","African Cats","2011","3","6","http://www.imdb.com/title/tt1223236/"
"2014-09-05","Halt and Catch Fire","2014","4","8","http://www.imdb.com/title/tt2543312/"
"2014-08-27","Bears","2014","4","7","http://www.imdb.com/title/tt2458776/"
"2014-08-26","You're Next","2011","2","5","http://www.imdb.com/title/tt1853739/"
"2014-08-25","Hot Fuzz","2007","3","5","http://www.imdb.com/title/tt0425112/"
"2014-08-22","Foodfight!","2012","1","1","http://www.imdb.com/title/tt0249516/"
"2014-08-12","Psycho-Pass","2012","2","4","http://www.imdb.com/title/tt2379308/"
"2014-08-06","Archer","2009","2","5","http://www.imdb.com/title/tt1486217/"
"2014-08-01","5 Centimeters Per Second","2007","1","2","http://www.imdb.com/title/tt0983213/"
"2014-07-26","Atlas Shrugged II: The Strike","2012","4","9","http://www.imdb.com/title/tt1985017/"
"2014-07-26","Atlas Shrugged: Part I","2011","4","9","http://www.imdb.com/title/tt0480239/"
"2014-07-23","American Psycho","2000","2","4","http://www.imdb.com/title/tt0144084/"
"2014-07-19","Spirited Away","2001","4","9","http://www.imdb.com/title/tt0245429/"
"2014-07-17","The Grand Budapest Hotel","2014","2","4","http://www.imdb.com/title/tt2278388/"
"2014-07-14","The Postman","1997","1","3","http://www.imdb.com/title/tt0119925/"
"2014-07-12","Kiki's Delivery Service","1989","4","8","http://www.imdb.com/title/tt0097814/"
"2014-07-11","Princess Mononoke","1997","5","10","http://www.imdb.com/title/tt0119698/"
"2014-07-03","Lord of the Flies","1963","3","5","http://www.imdb.com/title/tt0057261/"
"2014-07-02","Coraline","2009","4","8","http://www.imdb.com/title/tt0327597/"
"2014-07-02","Escape from New York","1981","2","5","http://www.imdb.com/title/tt0082340/"
"2014-07-02","Battle Royale","2000","4","8","http://www.imdb.com/title/tt0266308/"
"2014-06-30","Monty Python and the Holy Grail","1975","2","5","http://www.imdb.com/title/tt0071853/"
"2014-06-30","The Road","2009","4","8","http://www.imdb.com/title/tt0898367/"
"2014-06-28","Insomnia","2002","3","7","http://www.imdb.com/title/tt0278504/"
"2014-06-27","Memento","2000","4","9","http://www.imdb.com/title/tt0209144/"
"2014-06-27","Following","1998","3","8","http://www.imdb.com/title/tt0154506/"
"2014-06-25","Oculus","2013","4","9","http://www.imdb.com/title/tt2388715/"
"2014-06-24","Snowpiercer","2013","3","6","http://www.imdb.com/title/tt1706620/"
"2014-06-21","Airplane!","1980","1","3","http://www.imdb.com/title/tt0080339/"
"2014-06-18","Fargo","2014","3","6","http://www.imdb.com/title/tt2802850/"
"2014-06-13","The Lego Movie","2014","4","8","http://www.imdb.com/title/tt1490017/"
"2014-06-09","Silicon Valley","2014","4","8","http://www.imdb.com/title/tt2575988/"
"2014-06-07","The Wolf of Wall Street","2013","3","6","http://www.imdb.com/title/tt0993846/"
"2014-06-07","Taxi Driver","1976","3","5","http://www.imdb.com/title/tt0075314/"
"2014-06-04","Enemy","2013","3","6","http://www.imdb.com/title/tt2316411/"
"2014-06-03","Summer Heights High","2007","1","3","http://www.imdb.com/title/tt0934320/"
"2014-06-03","Homeland","2011","3","6","http://www.imdb.com/title/tt1796960/"
"2014-06-03","Requiem for a Dream","2000","2","4","http://www.imdb.com/title/tt0180093/"
"2014-06-03","American Beauty","1999","3","6","http://www.imdb.com/title/tt0169547/"
"2014-06-03","The Hobbit: The Desolation of Smaug","2013","3","6","http://www.imdb.com/title/tt1170358/"
"2014-06-03","Idiocracy","2006","2","3","http://www.imdb.com/title/tt0387808/"
"2014-06-03","The Girl with the Dragon Tattoo","2009","3","5","http://www.imdb.com/title/tt1132620/"
"2014-06-03","Dollhouse","2009","3","5","http://www.imdb.com/title/tt1135300/"
"2014-06-03","Deadfall","2012","3","5","http://www.imdb.com/title/tt1667310/"
"2014-06-02","Her","2013","4","8","http://www.imdb.com/title/tt1798709/"
"2014-04-19","Prometheus","2012","2","4","http://www.imdb.com/title/tt1446714/"
"2014-03-15","True Detective","2014","3","7","http://www.imdb.com/title/tt2356777/"
"2014-02-14","House of Cards","2013","3","7","http://www.imdb.com/title/tt1856010/"
"2014-01-25","Rubicon","2010","4","8","http://www.imdb.com/title/tt1389371/"
"2014-01-11","Gravity","2013","5","9","http://www.imdb.com/title/tt1454468/"
"2013-12-20","Black Books","2000","3","7","http://www.imdb.com/title/tt0262150/"
"2013-11-30","CJ7","2008","1","2","http://www.imdb.com/title/tt0940709/"
"2013-11-29","Fringe","2008","4","9","http://www.imdb.com/title/tt1119644/"
"2013-10-25","Pacific Rim","2013","2","4","http://www.imdb.com/title/tt1663662/"
"2013-10-25","Primer","2004","2","4","http://www.imdb.com/title/tt0390384/"
"2013-10-20","Orange Is the New Black","2013","4","8","http://www.imdb.com/title/tt2372162/"
"2013-10-05","Ghost in the Shell: Stand Alone Complex","2002","4","10","http://www.imdb.com/title/tt0346314/"
"2013-09-27","Vikings","2013","4","9","http://www.imdb.com/title/tt2306299/"
"2013-09-26","True Blood","2008","4","8","http://www.imdb.com/title/tt0844441/"
"2013-09-26","Orphan Black","2013","3","7","http://www.imdb.com/title/tt2234222/"
"2013-09-07","Oblivion","2013","4","8","http://www.imdb.com/title/tt1483013/"
"2013-09-06","Serenity","2005","4","8","http://www.imdb.com/title/tt0379786/"
"2013-09-06","Tucker and Dale vs Evil","2010","3","7","http://www.imdb.com/title/tt1465522/"
"2013-07-31","The Social Network","2010","5","10","http://www.imdb.com/title/tt1285016/"
"2013-07-24","The Matrix","1999","4","8","http://www.imdb.com/title/tt0133093/"
"2013-07-24","Avatar","2009","4","8","http://www.imdb.com/title/tt0499549/"
"2013-07-24","District 9","2009","4","8","http://www.imdb.com/title/tt1136608/"
"2013-07-23","The Prestige","2006","4","8","http://www.imdb.com/title/tt0482571/"
"2013-07-23","The Bourne Supremacy","2004","3","7","http://www.imdb.com/title/tt0372183/"
"2013-07-23","The Pianist","2002","4","8","http://www.imdb.com/title/tt0253474/"
"2013-07-23","The Lives of Others","2006","4","8","http://www.imdb.com/title/tt0405094/"
"2013-07-23","Amélie","2001","2","5","http://www.imdb.com/title/tt0211915/"
"2013-07-22","The Bourne Identity","2002","3","7","http://www.imdb.com/title/tt0258463/"
"2013-07-21","Snatch","2000","2","4","http://www.imdb.com/title/tt0208092/"
"2013-07-21","Saw","2004","4","7","http://www.imdb.com/title/tt0387564/"
"2013-07-21","The Last Airbender","2010","1","3","http://www.imdb.com/title/tt0938283/"
"2013-07-21","Saw II","2005","3","5","http://www.imdb.com/title/tt0432348/"
"2013-07-21","Scary Movie 5","2013","1","1","http://www.imdb.com/title/tt0795461/"
"2013-07-20","Sintel","2010","4","8","http://www.imdb.com/title/tt1727587/"
"2013-07-20","Big Buck Bunny","2008","3","6","http://www.imdb.com/title/tt1254207/"
"2013-07-20","Tears of Steel","2012","3","6","http://www.imdb.com/title/tt2285752/"
"2013-07-20","Léon: The Professional","1994","4","8","http://www.imdb.com/title/tt0110413/"
"2013-07-20","Tangled","2010","4","8","http://www.imdb.com/title/tt0398286/"
"2013-07-20","Brave","2012","3","7","http://www.imdb.com/title/tt1217209/"
"2013-07-20","In Bruges","2008","1","3","http://www.imdb.com/title/tt0780536/"
"2013-07-20","Couples Retreat","2009","2","4","http://www.imdb.com/title/tt1078940/"
"2013-07-20","Elephants Dream","2006","2","4","http://www.imdb.com/title/tt0807840/"
"2013-07-19","Casshern","2004","3","6","http://www.imdb.com/title/tt0405821/"
"2013-07-19","Dragons' Den","2005","3","6","http://www.imdb.com/title/tt0443370/"
"2013-07-19","Kenny vs. Spenny","2002","4","7","http://www.imdb.com/title/tt0384746/"
"2013-07-19","The Final","2010","2","4","http://www.imdb.com/title/tt1390535/"
"2013-07-19","Vice","2013","4","8","http://www.imdb.com/title/tt2782710/"
"2013-07-19","Nine Dead","2010","2","5","http://www.imdb.com/title/tt0959329/"
"2013-07-19","Cowboy Bebop: The Movie","2001","4","8","http://www.imdb.com/title/tt0275277/"
"2013-07-19","Real Genius","1985","2","4","http://www.imdb.com/title/tt0089886/"
"2013-07-19","Surrogates","2009","4","8","http://www.imdb.com/title/tt0986263/"
"2013-07-19","Valhalla Rising","2009","3","6","http://www.imdb.com/title/tt0862467/"
"2013-07-19","Hot Shots! Part Deux","1993","3","5","http://www.imdb.com/title/tt0107144/"
"2013-07-19","The Wizard","1989","2","3","http://www.imdb.com/title/tt0098663/"
"2013-07-19","Johnny Mnemonic","1995","3","6","http://www.imdb.com/title/tt0113481/"
"2013-07-19","Wild Zero","1999","2","4","http://www.imdb.com/title/tt0267116/"
"2013-07-19","The Lawnmower Man","1992","2","4","http://www.imdb.com/title/tt0104692/"
"2013-07-19","Shark Tank","2009","3","6","http://www.imdb.com/title/tt1442550/"
"2013-07-19","Save the Green Planet!","2003","1","3","http://www.imdb.com/title/tt0354668/"
"2013-07-19","Dudesons in America","2010","2","4","http://www.imdb.com/title/tt1598874/"
"2013-07-19","Game of Thrones","2011","4","9","http://www.imdb.com/title/tt0944947/"
"2013-07-19","The Walking Dead","2010","2","6","http://www.imdb.com/title/tt1520211/"
"2013-07-19","Arrow","2012","2","5","http://www.imdb.com/title/tt2193021/"
"2013-07-19","Sherlock","2010","4","8","http://www.imdb.com/title/tt1475582/"
"2013-07-19","The Big Bang Theory","2007","3","5","http://www.imdb.com/title/tt0898266/"
"2013-07-19","Doctor Who","2005","4","7","http://www.imdb.com/title/tt0436992/"
"2013-07-19","The Dark Knight","2008","4","8","http://www.imdb.com/title/tt0468569/"
"2013-07-19","The Dark Knight Rises","2012","4","8","http://www.imdb.com/title/tt1345836/"
"2013-07-19","Fight Club","1999","5","9","http://www.imdb.com/title/tt0137523/"
"2013-07-19","Inception","2010","5","9","http://www.imdb.com/title/tt1375666/"
"2013-07-19","South Park","1997","4","7","http://www.imdb.com/title/tt0121955/"
"2013-07-19","Gladiator","2000","3","7","http://www.imdb.com/title/tt0172495/"
"2013-07-19","Arrested Development","2003","3","6","http://www.imdb.com/title/tt0367279/"
"2013-07-19","Batman Begins","2005","4","8","http://www.imdb.com/title/tt0372784/"
"2013-07-19","Django Unchained","2012","4","8","http://www.imdb.com/title/tt1853728/"
"2013-07-19","The Big Lebowski","1998","4","7","http://www.imdb.com/title/tt0118715/"
"2013-07-19","Boardwalk Empire","2010","2","5","http://www.imdb.com/title/tt0979432/"
"2013-07-19","The Hunger Games","2012","4","8","http://www.imdb.com/title/tt1392170/"
"2013-07-19","Firefly","2002","5","9","http://www.imdb.com/title/tt0303461/"
"2013-07-19","Blade Runner","1982","3","7","http://www.imdb.com/title/tt0083658/"
"2013-07-19","Hook","1991","1","2","http://www.imdb.com/title/tt0102057/"
"2013-07-19","Pirates of the Caribbean: The Curse of the Black Pearl","2003","3","6","http://www.imdb.com/title/tt0325980/"
"2013-07-19","Jurassic Park","1993","3","6","http://www.imdb.com/title/tt0107290/"
"2013-07-19","Eternal Sunshine of the Spotless Mind","2004","2","5","http://www.imdb.com/title/tt0338013/"
"2013-07-19","Silver Linings Playbook","2012","3","6","http://www.imdb.com/title/tt1045658/"
"2013-07-19","Ratatouille","2007","4","7","http://www.imdb.com/title/tt0382932/"
"2013-07-19","Into the Wild","2007","3","7","http://www.imdb.com/title/tt0758758/"
"2013-07-19","The Hangover","2009","4","8","http://www.imdb.com/title/tt1119646/"
"2013-07-19","Cloud Atlas","2012","5","9","http://www.imdb.com/title/tt1371111/"
"2013-07-19","Alice in Wonderland","2010","1","2","http://www.imdb.com/title/tt1014759/"
"2013-07-19","Argo","2012","3","6","http://www.imdb.com/title/tt1024648/"
"2013-07-19","Looper","2012","4","8","http://www.imdb.com/title/tt1276104/"
"2013-07-19","I, Robot","2004","3","5","http://www.imdb.com/title/tt0343818/"
"2013-07-19","Monsters, Inc.","2001","4","6","http://www.imdb.com/title/tt0198781/"
"2013-07-19","Twelve Monkeys","1995","5","9","http://www.imdb.com/title/tt0114746/"
"2013-07-19","Toy Story","1995","4","7","http://www.imdb.com/title/tt0114709/"
"2013-07-19","The IT Crowd","2006","3","6","http://www.imdb.com/title/tt0487831/"
"2013-07-19","Salt","2010","2","4","http://www.imdb.com/title/tt0944835/"
"2013-07-19","Up","2009","3","8","http://www.imdb.com/title/tt1049413/"
"2013-07-19","WarGames","1983","3","5","http://www.imdb.com/title/tt0086567/"
"2013-07-19","Despicable Me","2010","3","7","http://www.imdb.com/title/tt1323594/"
"2013-07-19","Face/Off","1997","3","5","http://www.imdb.com/title/tt0119094/"
"2013-07-19","The Dictator","2012","2","4","http://www.imdb.com/title/tt1645170/"
"2013-07-19","Life of Pi","2012","4","7","http://www.imdb.com/title/tt0454876/"
"2013-07-19","Minority Report","2002","3","6","http://www.imdb.com/title/tt0181689/"
"2013-07-19","Toy Story 3","2010","4","7","http://www.imdb.com/title/tt0435761/"
"2013-07-19","WALL·E","2008","4","8","http://www.imdb.com/title/tt0910970/"
"2013-07-19","O Brother, Where Art Thou?","2000","3","6","http://www.imdb.com/title/tt0190590/"
"2013-07-19","Equilibrium","2002","4","8","http://www.imdb.com/title/tt0238380/"
"2013-07-19","A.I. Artificial Intelligence","2001","2","4","http://www.imdb.com/title/tt0212720/"
"2013-07-19","127 Hours","2010","4","7","http://www.imdb.com/title/tt1542344/"
"2013-07-19","Hanna","2011","4","9","http://www.imdb.com/title/tt0993842/"
"2013-07-19","Life of Brian","1979","4","7","http://www.imdb.com/title/tt0079470/"
"2013-07-19","Utopia","2013","3","8","http://www.imdb.com/title/tt2384811/"
"2013-07-19","TRON","1982","2","4","http://www.imdb.com/title/tt0084827/"
"2013-07-19","My Neighbor Totoro","1988","3","6","http://www.imdb.com/title/tt0096283/"
"2013-07-19","Team America: World Police","2004","3","6","http://www.imdb.com/title/tt0372588/"
"2013-07-19","Cube","1997","4","8","http://www.imdb.com/title/tt0123755/"
"2013-07-19","A Scanner Darkly","2006","2","4","http://www.imdb.com/title/tt0405296/"
"2013-07-19","Cowboy Bebop","1998","4","7","http://www.imdb.com/title/tt0213338/"
"2013-07-19","Falling Down","1993","3","6","http://www.imdb.com/title/tt0106856/"
"2013-07-19","Gamer","2009","3","6","http://www.imdb.com/title/tt1034032/"
"2013-07-19","Ghost in the Shell","1995","5","9","http://www.imdb.com/title/tt0113568/"
"2013-07-19","1984","1984","3","5","http://www.imdb.com/title/tt0087803/"
